id,order_id,product_id,quantity
1,1,40,4
2,2,41,4
3,3,49,1
4,4,14,3
5,5,36,2
6,6,19,4
7,7,45,4
8,8,8,1
9,9,41,2
10,10,46,2
11,11,20,1
12,12,36,4
13,13,6,2
14,14,8,4
15,15,8,2
16,16,32,3
17,17,33,3
18,18,27,4
19,19,31,2
20,20,30,2
21,21,25,2
22,22,39,2
23,23,5,3
24,24,50,4
25,25,22,3
26,26,1,3
27,27,47,3
28,28,38,4
29,29,10,4
30,30,35,4
31,31,23,3
32,32,36,4
33,33,30,3
34,34,13,2
35,35,37,4
36,36,15,4
37,37,3,3
38,38,48,4
39,39,46,4
40,40,25,2
41,41,32,1
42,42,9,3
43,43,7,4
44,44,7,4
45,45,1,2
46,46,27,2
47,47,5,4
48,48,17,3
49,49,40,4
50,50,42,1
51,51,22,4
52,52,21,4
53,53,35,1
54,54,40,1
55,55,16,3
56,56,15,1
57,57,28,1
58,58,49,1
59,59,29,2
60,60,45,3
61,61,2,1
62,62,21,1
63,63,19,3
64,64,24,4
65,65,10,2
66,66,34,4
67,67,37,2
68,68,11,2
69,69,6,4
70,70,40,2
71,71,32,2
72,72,15,4
73,73,41,3
74,74,30,3
75,75,43,1
76,76,30,3
77,77,44,2
78,78,5,4
79,79,23,3
80,80,41,4
81,81,45,3
82,82,30,3
83,83,13,4
84,84,31,1
85,85,16,4
86,86,37,3
87,87,37,3
88,88,45,3
89,89,2,4
90,90,18,1
91,91,37,1
92,92,39,4
93,93,19,2
94,94,39,3
95,95,15,2
96,96,40,3
97,97,44,2
98,98,41,1
99,99,41,1
100,100,20,4
101,101,3,3
102,102,47,2
103,103,6,3
104,104,21,4
105,105,12,2
106,106,9,3
107,107,34,3
108,108,11,3
109,109,31,3
110,110,48,3
111,111,8,4
112,112,5,2
113,113,49,2
114,114,44,4
115,115,36,3
116,116,6,4
117,117,1,3
118,118,35,1
119,119,30,3
120,120,44,3
121,121,38,4
122,122,41,3
123,123,7,2
124,124,31,1
125,125,40,3
126,126,40,2
127,127,42,1
128,128,41,4
129,129,45,3
130,130,42,4
131,131,8,2
132,132,3,1
133,133,20,4
134,134,8,1
135,135,16,2
136,136,25,4
137,137,24,4
138,138,38,2
139,139,27,1
140,140,32,4
141,141,18,1
142,142,45,3
143,143,14,4
144,144,29,2
145,145,24,1
146,146,44,3
147,147,35,3
148,148,4,4
149,149,18,2
150,150,8,4
151,151,6,2
152,152,42,1
153,153,4,3
154,154,16,2
155,155,37,2
156,156,5,2
157,157,38,2
158,158,15,3
159,159,50,2
160,160,39,1
161,161,18,2
162,162,9,3
163,163,12,1
164,164,43,1
165,165,9,1
166,166,23,2
167,167,38,3
168,168,2,2
169,169,17,1
170,170,9,4
171,171,34,1
172,172,48,1
173,173,31,4
174,174,50,3
175,175,33,1
176,176,29,2
177,177,40,1
178,178,47,3
179,179,30,1
180,180,4,4
181,181,26,4
182,182,44,1
183,183,32,4
184,184,5,1
185,185,21,2
186,186,5,2
187,187,18,3
188,188,25,3
189,189,30,4
190,190,7,1
191,191,42,2
192,192,28,4
193,193,15,4
194,194,22,4
195,195,26,4
196,196,47,1
197,197,21,4
198,198,21,3
199,199,24,2
200,200,44,4
201,18,6,1
202,24,28,1
203,191,48,3
204,34,36,1
205,151,36,5
206,85,43,1
207,106,23,4
208,185,4,3
209,154,20,3
210,27,37,5
211,55,10,4
212,58,7,3
213,143,24,1
214,196,18,5
215,58,28,5
216,197,40,5
217,173,42,5
218,7,39,3
219,8,12,3
220,180,49,3
221,87,23,1
222,47,10,5
223,169,26,1
224,37,48,1
225,24,48,5
226,56,25,4
227,117,22,2
228,95,20,3
229,199,37,5
230,22,4,2
231,41,49,5
232,13,44,1
233,70,29,4
234,125,39,4
235,107,18,2
236,194,33,1
237,89,28,1
238,73,44,5
239,125,34,3
240,12,15,4
241,154,4,1
242,53,20,2
243,197,9,3
244,75,21,1
245,2,32,4
246,45,9,4
247,137,46,2
248,129,36,3
249,19,26,1
250,112,2,4
251,20,21,5
252,110,37,4
253,182,41,4
254,75,8,4
255,6,21,2
256,159,30,3
257,23,28,1
258,63,28,5
259,103,34,1
260,102,20,3
261,57,22,2
262,20,33,1
263,136,33,2
264,199,23,3
265,187,42,2
266,61,7,2
267,66,13,2
268,155,10,1
269,46,50,4
270,119,49,5
271,195,38,4
272,175,37,5
273,83,41,3
274,39,29,1
275,121,29,3
276,71,38,1
277,91,33,1
278,80,30,4
279,10,4,3
280,74,5,1
281,158,39,5
282,99,30,5
283,142,48,1
284,116,37,2
285,83,39,4
286,129,10,1
287,116,7,3
288,183,6,5
289,166,12,1
290,64,46,4
291,113,34,5
292,157,11,3
293,96,19,4
294,105,50,3
295,174,39,1
296,162,42,3
297,17,22,1
298,143,44,4
299,73,17,5
300,39,22,1
301,150,43,2
302,90,20,4
303,34,39,1
304,80,36,4
305,165,22,2
306,172,45,5
307,24,42,4
308,131,24,1
309,93,20,2
310,55,22,4
311,50,15,2
312,40,5,3
313,26,33,5
314,190,34,1
315,170,22,5
316,34,39,4
317,40,11,2
318,178,50,5
319,43,47,4
320,12,27,3
321,174,47,2
322,114,40,3
323,193,48,4
324,60,35,2
325,80,31,2
326,95,44,5
327,113,30,3
328,200,25,5
329,136,27,2
330,52,39,2
331,65,4,4
332,96,36,1
333,183,34,1
334,73,6,2
335,70,29,5
336,38,28,1
337,57,29,3
338,7,27,1
339,102,33,3
340,61,25,1
341,96,15,1
342,82,7,3
343,38,9,1
344,74,31,2
345,195,46,4
346,115,40,1
347,21,2,3
348,56,10,5
349,187,39,5
350,109,8,3
351,61,20,1
352,13,16,4
353,164,40,4
354,17,8,4
355,153,35,1
356,162,33,5
357,62,46,2
358,75,28,1
359,158,23,2
360,147,27,2
361,171,43,1
362,135,24,1
363,135,35,5
364,130,36,1
365,100,31,1
366,163,25,3
367,65,48,1
368,92,5,3
369,62,47,1
370,198,38,3
371,35,3,3
372,140,22,2
373,200,44,4
374,179,31,2
375,35,5,4
376,10,19,2
377,12,13,1
378,81,20,5
379,102,35,4
380,65,3,2
381,74,23,1
382,168,22,3
383,32,24,4
384,103,48,4
385,99,22,2
386,128,45,4
387,95,34,3
388,22,47,4
389,21,28,5
390,47,35,3
391,83,7,1
392,84,43,3
393,79,29,5
394,184,28,2
395,177,29,3
396,115,3,3
397,158,28,3
398,164,4,1
399,172,41,4
400,94,33,2
